DATE_timestamp_week;slope_Temp;slope_Irrad;intercept;minimum
0;-59.748201438848916;-368.30957673495453;1227.7974082964333;205.99204021179818
1;-60.126696832579185;-1387.420440927307;1212.1131299502697;188.3883588138151
10;-60.18115942028986;-849.7333464077325;1127.286364832076;182.0004007287043
100;-62.16417910447761;-1345.5029018934183;1085.310800450138;194.0489822917697
101;-60.0752587017874;-1536.6145496540107;1056.0539882132127;195.89886834625486
102;-61.25237191650854;-556.601251706722;1014.929115823709;190.14757427701193
103;-59.866028708133975;-561.4489384757838;998.4384848588902;179.0000292006606
104;-60.38610038610039;-1052.7468619771184;1024.0468612755567;160.00564948103988
105;-60.737864077669904;-737.3755538095877;1042.3459392853724;163.86517294522196
106;-61.09375000000001;-246.7127842559363;1055.2745014264544;174.01923921766837
107;-61.45383104125736;-608.2741742407957;1167.3381666539983;170.00001742372567
108;-61.81818181818181;-651.4636215323313;1215.6924890559467;164.2684929690012
109;-62.06349206349206;-1439.1104206178322;1192.225928012279;174.8286200286729
11;-59.53405017921146;-1178.162083038015;1106.0675254430948;181.99092140752785
110;-62.31075697211155;-1338.1505255296117;1163.3731557501092;174.99846564072197
111;-62.56;-844.7446767965668;1119.6662587759818;174.92735492494884
112;-62.811244979919685;-522.5643352366565;1211.1876066911611;183.65593244115942
113;-72.1852970795569;-1281.3043071350226;1238.1376086042553;171.99973708964396
114;-72.4040404040404;-439.21053969468966;1284.6755581480809;170.99357357109295
115;-65.8966565349544;-1003.7575463991486;1190.7546815836602;169.3659418261789
116;-63.73983739837398;-9.199935147467171;1192.3294870031032;161.36839777767275
117;-65.0;-1555.5748127006095;1204.4264872137746;145.0292575526121
118;-63.64754098360656;-562.7170108280341;1172.751888010345;161.7886786307278
119;-63.90946502057613;-919.0853171341082;1055.8832131815998;168.00510515416914
12;-59.78723404255319;-648.9019832943494;1114.4307150320396;173.9953338006223
120;-64.17355371900827;-642.0587113328044;1040.941035979903;179.99968161038774
121;-65.29896907216495;-124.19607843137256;1204.2797086979126;181.86600354973484
122;-69.67078189300412;-66.39215686274505;1273.131511116403;181.97905070891818
123;-71.02669404517454;-45.21568627450981;1278.1230917942019;180.9879084834791
124;-73.27868852459015;-35.05882352941177;1341.125561483053;184.00359696215733
125;-76.72396359959556;-14.840585993995868;1374.5900240936965;184.26758488598222
126;-75.72854291417165;-2.9209817694781552;1379.941578408757;180.99110447292185
127;-74.75862068965517;-2.105693845940326;1389.7892844962923;181.45204866540146
128;-74.12451361867704;-2.1186455171240857;1424.8299624156011;181.4973191349034
129;-81.80249280920421;-3.6673414073223602;1500.6364877502824;179.1832732613967
13;-60.53859964093357;-704.4877736298675;1101.7339158415487;184.99996258992675
130;-80.64272211720227;-2.585888875006591;1597.4952439327494;184.6202179860026
131;-75.67567567567568;-1.6481216974459167;1581.04439141214;187.48396283528848
132;-71.72794117647058;-1.5676695292844987;1599.6931534040068;189.59141448408747
133;-64.41366574330563;-2.25947813061129;1665.0260490332034;189.9988695444473
134;-61.1317254174397;-1.0404412858660739;1548.3761455956435;141.97358825204716
135;-68.27397260273973;-0.6397802388111983;1547.399538254403;135.00064607773695
136;-68.74551971326164;-0.3954674845951113;1492.1936377522254;122.29046717693298
137;-58.03163444639719;-0.4496417698665632;1395.350726853865;115.25041200678888
138;-73.72413793103448;-1.0530357067268771e-15;1449.4019509442378;117.37597775850787
139;-72.35194585448393;-5.318626636291836e-16;1446.2377746572547;114.76877293684208
14;-61.30909090909091;-1386.502946580404;1056.5301785241004;170.99999848942565
140;-53.62126245847176;-0.26759587176120375;1337.3969621200074;89.5834882390621
141;-51.747333880229704;-0.3425824720507845;1348.1381003040278;127.44997037266745
142;-51.11831442463533;-0.3472190313593087;1361.1941995865166;115.00697597568654
143;-50.50440352281825;-0.34649441339349213;1370.6378306866895;114.16931671622746
144;-49.905063291139236;-0.348998107677229;1382.294656046571;108.95723435019208
145;-49.4909945184025;-0.3169898835677705;1383.4522344277466;111.50132312067467
146;-48.992248062015506;-0.10890408255316607;1251.6294285365896;73.00107387078678
147;-46.27782041442824;-0.17804375229516484;1264.3032701222119;68.49999715419187
148;-45.82066869300912;-0.1851299015427902;1276.096368726554;68.49999869719974
149;-46.76737160120847;-0.14439506772332336;1271.6830792629582;72.99755785603556
15;-69.79742173112339;-911.9298331233956;1216.5304206973797;166.999901867736
150;-45.27027027027027;-0.23175396260466408;1332.8954621263613;72.99951698791062
151;-46.208955223880594;-0.19855738630120778;1341.4667802313227;68.50421831510336
152;-45.9347181008902;-0.39227110558797873;1459.2125734330255;115.02379296676993
153;-49.33726067746687;-0.5825904080092126;1599.3509019049843;115.24073427584284
154;-48.97660818713451;-0.39123460695031664;1507.2216655387977;148.5999934803719
155;-50.043541364296075;-0.513594893687161;1601.2228764865495;135.9723705453166
156;-50.691642651296824;-0.9046413016836427;1715.9079547379195;135.94098232540958
157;-50.49533381191672;-0.9128525949935499;1702.233909795081;135.87155240874827
158;-50.30042918454935;-0.8524501449723594;1656.8267107175182;135.99830889212762
159;-49.12330719885959;-0.44230749851672757;1543.2750310630588;135.78763282661058
16;-62.91044776119403;-1555.0350765385226;1131.1314352716674;165.02882269361427
160;-50.79545454545454;-0.1708130211357086;1401.942543155889;136.0029027373547
161;-44.555160142348754;-0.6362366640537633;1565.0;112.38669989896293
162;-51.012838801711844;-0.3207859460777929;1465.81439103761;118.59795518801671
163;-51.12223016440314;-0.5432518359277744;1518.82493629223;124.90828164488103
164;-44.84240687679083;-0.6924165822808312;1480.803384923614;134.71074392914716
165;-45.29667149059334;-1.6320662979615315;1565.0;144.98712067175705
166;-48.347953216374265;-2.679902755267423;1578.4035263063581;174.35260559277103
167;-46.94239290989585;-2.718562874251497;1589.0;172.10327963283754
168;-47.432835820895505;-2.878623188405797;1561.4823177783283;189.06294800372095
169;-48.11506434519304;-3.1095890410958904;1568.947121480284;173.90779025320515
17;-63.14606741573033;-1029.5839971073035;1122.3882452762207;167.18079371141687
170;-47.896341463414636;-3.342553191489362;1519.5228206922618;197.7233899136799
171;-48.83792048929663;-3.722610722610723;1507.5964432886599;218.99455281200514
172;-48.68902439024391;-4.115979381443299;1426.535084887039;190.99889679593258
173;-53.69085173501578;-4.915523465703971;1474.5714112046232;189.9999969069761
174;-59.68102073365232;-6.104404567699837;1532.7161826859356;191.00693218106247
175;-60.11244979919678;-7.014058106841612;1545.1478303366828;188.83787526261466
176;-60.55016181229774;-8.242290748898679;1518.8994139092308;177.4225888965411
177;-58.732510288065846;-9.464190981432361;1385.7999524035404;191.00353915653952
178;-59.76549413735343;-11.853820598006642;1324.0691165838637;190.99122941349466
179;-60.10058675607712;-15.689277899343544;1321.7054166616967;188.03728475251168
18;-63.19548872180451;-732.7537599245159;1117.7875171512476;167.65043616527953
180;-68.69127516778524;-26.243589743589745;1416.0809515147726;196.2359846920859
181;-69.6196111580727;-34.46025104602511;1410.4371787696682;198.3859570879149
182;-68.80672268907563;-49.325301204819276;1287.8179710899924;203.38151216859748
183;-67.72539288668321;-88.04301075268805;1260.4174725073356;215.20492585063866
184;-59.153094462540714;-173.64434548449785;1156.7206825122073;229.00476899800327
185;-68.17800167926111;-538.0231917594393;1261.1626636733877;230.01000269685017
186;-70.36395147313692;-223.96999042593305;1284.9005983431648;229.9991847224729
187;-72.11367673179396;-1011.94184226387;1306.725271186635;229.99713702922338
188;-57.92114695340502;-293.6751531731471;1080.7978108353345;223.97845171400274
189;-58.44484629294756;-667.5338217919523;1023.8438294931846;221.7708676878227
19;-62.679245283018865;-919.2326745545222;1111.266048399027;165.01125225500653
190;-58.04744525547446;-920.0350110239486;1002.2780139208331;205.6941016467931
191;-58.581952117863715;-459.8124070317074;1079.736390009585;202.00400119390144
192;-59.1263940520446;-82.66399783122394;982.7182558242005;190.9795418754241
193;-59.849482596425204;-1335.3662945400754;981.2463964706178;186.74725107959404
194;-60.59047619047619;-454.14881688763654;986.3285537156273;180.4879645357841
195;-61.350048216007714;-206.71789509484464;986.3741076590602;174.96964141193095
196;-62.12890625;-1551.4179860234779;1012.2993393590366;171.99505001386098
197;-59.98029556650246;-959.577001893768;988.4742365209278;171.00021675766496
198;-63.24055666003976;-730.1731340474927;981.0556694460793;172.45298562559702
199;-63.81143430290873;-21.813477937846102;966.9292904409599;171.13001400357436
2;-60.510018214936245;-748.3992278933664;1164.209432269009;200.37789623682633
20;-62.91666666666667;-592.88698805929;1115.514955513582;170.02304537927378
200;-64.39271255060729;-1135.0460819139005;953.6829657698552;171.02748856040665
201;-62.31166150670795;-1044.687142088837;964.0844672359294;181.91927845052535
202;-63.50715746421268;-68.32047544693138;1003.1939044972655;187.68334932830848
203;-64.45795339412359;-1548.5303858744928;1004.9924962696085;188.5552657480765
204;-63.87550200803212;-162.37688231496026;1039.5692561208577;186.13045101909384
205;-63.36653386454183;-35.226257830417396;1002.0419926251609;182.26876989536672
206;-62.86561264822133;-658.9107605271676;992.319081700749;185.21596523828356
207;-62.37254901960784;-20.745909373442927;1003.7616007689677;180.5157098118783
208;-61.264591439688715;-904.1414093962372;924.8871732593519;163.55611749422692
209;-64.09722222222223;-667.2219181989141;969.6501353287183;159.55280701778264
21;-63.39694656488549;-1352.9658861159462;1129.2127953177026;173.99431766965435
210;-66.63967611336031;-1060.9710154465338;1007.8361941000742;153.00879487573462
211;-65.72314049586777;-242.5538604884248;984.9910602251113;153.01647523585822
212;-71.28691983122363;-1548.0919677781872;1031.7004941336227;160.00014953203657
213;-67.68085106382979;-1424.3856105420202;966.3273983287584;157.04803884908614
214;-68.26180257510728;-588.8154262826488;941.2427790250543;171.23786131447108
215;-68.85281385281382;-1555.8901923182866;983.0524759963455;182.42362606906917
216;-69.45414847161572;-24.49005842339515;948.2043698831542;180.83115085197224
217;-70.63783783783784;-121.0;1092.6489190226207;183.3866679938966
218;-68.95074946466809;-59.629629629629626;1103.1923106599074;182.99985876526563
219;-68.31389183457051;-39.76543209876543;1087.5547094614185;187.99999393293965
22;-63.88461538461539;-880.771153566949;1132.477904753219;193.0182451481671
220;-67.66806722689074;-29.824074074074073;1057.4537556680402;186.81870782709862
221;-66.96813977389517;-18.0;1256.9600106394214;187.73623874929086
222;-66.70020120724345;-13.051181102362206;1250.8197606690526;186.06123329544792
223;-66.24630541871922;-10.281345565749236;1245.6095662919854;181.03380357753593
224;-64.71042471042472;-8.38;1257.2842325760378;176.97172275944573
225;-63.786869647954326;-6.854805725971366;1331.3990615752277;185.50028063074996
226;-63.07692307692307;-5.8166089965397925;1428.8566399620056;186.50116010928176
227;-62.97872340425531;-5.103448275862069;1519.196236429149;187.50361067371702
228;-62.11678832116789;-4.502645502645502;1548.583246559912;198.08011130419294
229;-60.762250453720505;-3.962130177514793;1673.9876539450968;193.23726248041254
23;-64.37984496124032;-1469.0359728485562;1130.979160181087;194.96009754392745
230;-57.33869346505044;-3.5845824411134894;1635.2374170142084;182.2581970248516
231;-50.09401805486038;-3.1221896383186687;1597.0;187.40582171834558
232;-48.40818440841063;-2.881454569064355;1634.0;187.05277325028075
233;-62.23801065719355;-2.3807582178639572;1752.0;187.50430328279114
234;-58.72791519434629;-1.7141736185659724;1662.0;187.45534708371693
235;-58.87521968365554;-1.5145346155634443;1675.0;198.73046232267578
236;-58.111888111888106;-1.2704720773433522;1662.0;191.88995075010573
237;-57.90940766550523;-1.2982745396059432;1662.0;203.9923901627907
238;-58.368055555555564;-1.3015179981933742;1681.0;188.0358449072405
239;-57.92137584032098;-1.1949677693937293;1675.0;198.05972144701772
24;-64.8828125;-620.9122915109411;1129.4752599121925;194.30065990614563
240;-57.758620689655174;-1.1211232826124011;1675.0;209.99294494097072
241;-50.65068493150685;-0.723692634950809;1479.0;218.99628101746805
242;-46.74345582528654;-0.8580527294883666;1506.0;163.50221695612473
243;-44.139237462460876;-0.9336150050996407;1560.0;147.86054472134984
244;-51.79840406069809;-0.5130625669831267;1560.0;163.49996194695714
245;-51.147540983606554;-0.5256971422956304;1560.0;163.4986787112755
246;-47.838165382865625;-0.6943935112708748;1565.5;163.5563099581282
247;-50.813152321944244;-0.6080906657805804;1590.5;165.87549525851082
248;-42.01039544952237;-0.9436995506310525;1610.0;162.68463048365464
249;-21.46100050303898;-1.6903838258806287;1610.0;163.5206695114541
25;-65.20117762512265;-44.324717769380456;1216.6859608237173;184.98844007411898
250;-20.110276546051306;-1.8106607440310933;1630.5;163.4952116999572
251;-44.950476397887925;-1.6205918882278423;1832.0;179.9254159426219
252;-21.079762982615122;-2.0634118967452295;1750.7551012127992;94.51432143831907
253;-24.548964014473693;-2.1603773584905626;1831.9999999999998;87.87031949736651
254;-25.426788245657654;-2.1221718856700917;1781.0;94.13687198140441
255;-41.84851491796589;-1.9421198138533027;1781.0;187.9728900893209
256;-39.50158067882123;-2.149253572749695;1781.0;188.18101255281005
257;-50.471428123047176;-2.1477419778861324;1892.9998903731396;185.75179801393497
258;-35.45323065632051;-2.21484674904128;1716.9999968040531;164.76366465140137
259;-38.23203073991116;-1.9912576016637014;1716.999991807675;174.53090262187064
26;-65.52268244575937;-19.226711420982546;1220.3769141340965;192.7125796043364
260;-47.168909050340204;-1.5467428025271237;1717.0;151.02961015635879
261;-42.01904887145428;-1.6669685642884824;1631.7086979657588;162.77477769597175
262;-49.89230358690319;-2.2287269329382067;1583.800684825499;169.0487764587257
263;-50.56861258529189;-2.379292029411817;1564.0116183013495;187.0224140045115
264;-50.53030303030303;-2.817457612244205;1554.0223836197736;193.9930748602454
265;-48.69979497408875;-1.9410164866257733;1544.6216207213267;198.8737500977029
266;-50.64856711915536;-2.9192669198526118;1630.8009394509422;197.4343605542853
267;-50.53423626787057;-3.8115777525539136;1528.3305080397895;194.45484196766103
268;-54.47447447447445;-4.546365914786968;1566.9789799828698;189.0682424953102
269;-57.42081447963801;-5.3544303797468356;1590.1441396906014;184.9889951527151
27;-65.84737363726461;-15.583101756877175;1246.0631883532242;194.81052306708207
270;-57.68181818181818;-4.854262632096191;1513.7631237693502;168.50382591243516
271;-57.94520547945205;-3.375677941137784;1487.1963947627114;165.32448893166475
272;-47.95107033639143;-4.261252166518048;1360.2061251452178;170.0151391691602
273;-57.65074393108848;-4.835373842466829;1402.2629830680198;169.98608108019224
274;-56.53290529695024;-6.8755335173233965;1356.968226699926;169.01859652316188
275;-55.96322028570507;-12.696977126719078;1373.9769284795038;169.02147609810805
276;-53.71621621621622;-20.384615384615383;1317.7165246568559;178.99996292164786
277;-54.08163265305305;-26.722689075630253;1305.2530670001818;180.6199890811466
278;-55.44603236096048;-40.146341463414636;1288.5135310853916;189.5724505504585
279;-54.65517241379288;-70.44444444444443;1286.3925529444386;190.30186705641805
28;-80.59760956175299;-29.793271412046835;1388.5659278367661;197.34059845678715
280;-55.03472222222223;-128.01329347705553;1265.0789853488432;188.0421195855707
281;-55.6140350877193;-419.75422464627235;1216.9064137639173;208.00002717751119
282;-56.20567375886525;-395.482273502802;1182.2108731799992;215.99764864942517
283;-57.12365591397849;-1082.9706778884631;1276.413989065393;215.9998998496652
284;-74.56521739130434;-1109.8448779499404;1320.999732236904;216.00291040150924
285;-77.24517906336088;-1688.749757806791;1295.7751818858828;203.82228185034393
286;-78.32402234636871;-784.6320111252428;1323.7182750830864;186.9997947922982
287;-76.03399433427762;-530.6336799224532;1317.7436054036875;172.00419925770598
288;-61.360153256704976;-87.58834999526272;1135.9695758748567;180.84994176132247
289;-66.73151750972761;-1685.8867272440168;1210.7238513181012;174.0797258982463
29;-68.8015717092338;-14.12307961383038;1422.1327513602805;195.2405168630602
290;-66.36363636363636;-1148.0650594364015;1162.4999944732645;186.99684677382186
291;-66.60642570281125;-1614.9514060476897;1182.2043136766242;186.74286882615192
292;-67.6938775510204;-1198.2075371487435;1149.4674048467612;186.97358320238425
293;-67.97131147540983;-753.7871468835496;1180.5462316422095;189.60621073630068
294;-67.30452674897117;-1495.1994489419476;1159.9172349256908;187.31958067500764
295;-67.58264462809917;-1147.3425152646614;1182.166917664642;179.00182755087673
296;-67.86307053941908;-867.5981708221033;1192.9908061054848;170.86906247870124
297;-68.28810020876824;-845.9758824815451;1194.2010774967998;171.11702729872835
298;-68.71848739495798;-1629.5680268710507;1145.2294652480512;171.47070612461235
299;-69.15433403805496;-679.0277818387335;1194.5937723030352;179.02089177328986
3;-60.89825847846013;-63.12773245166093;1144.9784365540113;190.0087361806618
30;-64.37984496124031;-12.236085671001318;1374.8621387757064;192.68833711918762
300;-69.59574468085107;-1528.1685252015818;1119.0441817122091;172.23296201943316
301;-69.37433722163308;-820.33164094024;1159.6651677685531;171.04389155711044
302;-69.0084388185654;-1060.792546766081;1140.5274915364716;179.97554772212052
303;-69.66457023060795;-1259.741208080125;1100.3420901027825;186.36867616605798
304;-68.58333333333333;-327.7606128582388;1096.2273233312505;187.43893448858861
305;-68.004158004158;-138.31025347244204;1097.2415788885387;186.91911944743376
306;-67.0539419087137;-124.63769744542408;1032.2181538560626;178.01009823125005
307;-66.91511387163561;-213.25752929714497;1026.5649211484547;170.03337056429325
308;-67.58264462809916;-1490.814128421065;1083.0754982751125;176.96088574484648
309;-66.86721991701245;-673.7303099652943;1043.1819188097154;177.56945908671827
31;-75.18164435946463;-2.344707324812073;1346.7497883503806;186.99550410869912
310;-67.14583333333333;-580.1918973773471;1058.2868555661819;182.9046553065959
311;-67.48953974895397;-1088.5445093247047;1105.6582500212648;179.89182856059875
312;-68.84453781512605;-46.84954077555841;1175.4710792801395;179.22757064151023
313;-68.55648535564852;-145.64444444444445;1394.034032136412;179.50208736112577
314;-69.07098112116678;-73.68888888888887;1315.8788987860291;180.49579995399284
315;-68.79668049792531;-49.12592592592593;1331.6055742853605;180.55145024070347
316;-70.0413223140496;-37.666666666666664;1358.918789690818;179.4779590181741
317;-67.60448521916403;-20.640411875498472;1393.88875357289;174.47738740663462
318;-75.47094188376754;-13.832086737867462;1532.8129509897635;175.00848108485005
319;-78.93596059113301;-14.919925512104284;1552.580209447808;186.99768589086034
32;-74.18867924528301;-0.9783073954296556;1337.5700217215997;196.50983897295805
320;-72.98449612403101;-11.481707317073168;1474.1273024427196;185.23800392521227
321;-72.21476510067114;-8.21160427278577;1590.0638123498154;186.15965757591013
322;-64.47817836812145;-3.4689279985771972;1552.3279837721261;182.05270389863625
323;-69.59624413145539;-2.633973173357288;1631.0598198798357;188.99238602611365
324;-64.75836431226766;-1.3059801392553678;1455.6087253387593;206.72069670269732
325;-67.28624535315984;-1.6069813867842428;1479.439642080414;189.18780830183087
326;-73.01115241635686;-1.5839725780953853;1623.920144482735;168.45418203783163
327;-64.60966542750928;-1.123455906950091;1481.1679582670786;183.72798530569628
328;-73.38289962825276;-0.7232157864001131;1509.9706293021484;149.50919282732025
329;-65.15463917525773;-0.4298701106922109;1524.2715834474407;143.061698950599
33;-70.00925069380203;-8.68886337543054;1475.0055420993745;180.91673902300212
330;-74.83018867924528;-1.0247318761944735;1723.732333975567;148.35829283112736
331;-65.04725897920605;-0.9788355758369253;1573.3149460217487;132.97114933258933
332;-67.74621212121212;-0.5464746138538781;1562.2848840622976;129.84972369822293
333;-63.699960431372105;-0.38072803437623165;1551.035656522544;141.97753913931425
334;-63.314500941619585;-0.2983423487138897;1553.3303603884794;142.00007346559343
335;-67.33641119571985;-5.084444638524816e-15;1554.845666148749;182.96430653010822
336;-66.78240133850407;-0.0014512535108467581;1558.9040511639823;142.0390855449962
337;-61.65607263369724;-0.03500342907397125;1550.8261447531768;134.96882514177025
338;-60.63432835820895;-0.012367079997019137;1425.1645668669705;143.24969694293878
339;-60.521415270018615;-2.2837035159635973e-15;1429.9072230201546;140.46699497901577
34;-68.67513611615246;-4.959403351386563;1440.9086048056336;188.50847781084653
340;-60.40892193308548;-4.9032832355533414e-15;1449.9175142242048;143.8055956756136
341;-59.963099630996304;-0.061606792899731595;1402.5355031742702;143.97121446344534
342;-59.523809523809526;-0.30834875060035527;1597.196087197126;140.6345834584126
343;-59.54545454545455;-0.49529695650633176;1590.9904600030595;165.68188683422693
344;-76.24548736462094;-0.07273662893244674;1729.8805443952745;188.2222508567971
345;-66.21062106210621;-0.642823267229935;1804.7620082081996;159.04432720136742
346;-66.03231597845601;-0.5484456233840728;1758.2136498184784;158.38914596440492
347;-66.37421665174574;-0.7975389123546002;1853.5;142.89202940985007
348;-57.441407833286476;-0.6252618816270017;1608.5;139.4876348498061
349;-56.85064695905972;-0.66628260137432;1608.5;139.498282543697
35;-60.017809439002676;-1.4923601018676302;1310.0652025588618;169.49787680049863
350;-56.5507102501123;-0.9296009354159882;1622.0;140.53545988861003
351;-54.17357753618909;-1.0512892516425558;1622.0;201.97097635506307
352;-56.12362315260233;-0.7898016651374394;1622.0;223.95578835255188
353;-52.94387859242402;-1.3621456884203642;1695.5;214.56940811380824
354;-52.528513638191626;-1.5940316035759252;1695.496160545838;198.4060418001744
355;-44.28915218380076;-1.7155084797174305;1569.3526038865293;197.06378549341088
356;-42.502073377757625;-1.7721176367315146;1509.069947084223;189.283877842302
357;-46.99346256971201;-1.8732617525486202;1568.4595894197216;191.00029627015513
358;-55.2653337197643;-2.058725784011394;1672.3208013000901;197.4237595343452
359;-55.898692810457504;-2.0720833484551107;1597.8972957084638;191.0322564562106
36;-58.91608391608391;-1.1493174366562449;1287.0063893108731;166.01309315536494
360;-55.535553800883484;-2.2975487273006565;1537.542555202247;189.11371855754396
361;-55.844155844155324;-2.7968195175094688;1524.0451953003271;190.9620909042972
362;-53.24254156541854;-1.383042533384506;1479.0406426534178;196.96529086409208
363;-57.012987012986954;-3.8892580287929097;1604.8339512333564;195.80974981776498
364;-56.590909090909086;-4.230582524271845;1590.8762819956905;192.04359933140856
365;-56.76567656765676;-4.741557546519641;1486.251516836376;195.3279357562002
366;-60.989932885906036;-5.706436420722134;1535.2783613558402;183.96010900524757
367;-66.00682593856655;-7.051959890610757;1565.0636107831576;184.00768590094717
368;-67.15277777777777;-2.9210903481785264;1560.9995157530334;171.52143973766843
369;-71.00175746924428;-3.3998691868582687;1602.2054966148323;180.99555750860722
37;-65.35405872193436;-1.3951865900974587;1470.8572212249805;183.64251897005224
370;-68.58156028368795;-11.986624110435653;1605.7306484010371;182.48148042384742
371;-72.4865831842576;-6.146213911227735;1628.596456926149;176.52966885756052
372;-73.06859205776172;-7.924113936244395;1503.3158386447685;182.26504729345723
373;-74.0036563071298;-10.518274921738099;1515.7565279907217;193.48500649168957
374;-74.96296296296296;-9.406131182796837;1500.1604260127922;193.98577821529074
375;-75.53470919324576;-39.0227494768308;1503.8814777962875;205.03190260194233
376;-76.53992395437263;-41.26054492851838;1363.1657026244131;230.35094221724984
377;-76.68571428571428;-195.2700409406189;1458.8817660034895;204.99997743522783
378;-76.83206106870229;-91.17332614923902;1366.5039341721983;217.0057987313112
379;-79.80879541108986;-1518.084091498976;1359.457839506984;229.45159960846797
38;-55.80204778156997;-1.573166559778876;1520.5048210177315;177.97106525751437
380;-71.60919540229884;-77.91469338467893;1265.599414951246;212.94425243209528
381;-66.7704280155642;-766.1897899815248;1285.6410813714388;222.0083749551548
382;-68.18181818181819;-980.9399723810513;1241.4387655114342;205.0165814983855
383;-68.9156626506024;-918.414079826941;1233.7196196033644;204.9997843069186
384;-70.40816326530613;-344.4974517336851;1196.5536296893385;194.94827980609642
385;-71.5;-852.4424985468125;1232.8264594926097;199.2382559140871
386;-68.33684210526316;-1345.6447953290078;1256.1571386344915;195.04190980768252
387;-69.54303931987246;-1189.8049015721147;1240.8323050103768;185.94498043314027
388;-69.65665236051503;-1507.304227901356;1223.6725971743806;197.01339507964852
389;-70.97613882863341;-1504.3455665249971;1234.0376208541873;196.99865117383231
39;-55.143338954468796;-1.9171644496783722;1560.3406348851806;171.00694375991264
390;-76.77631578947368;-220.1454668735776;1281.4321986377734;177.9757244918839
391;-66.69623059866962;-150.15220477454156;1271.0576046241706;171.88027362658738
392;-70.44642857142857;-824.3488143675652;1247.364664107096;173.66918112443162
393;-70.84175084175084;-329.4802531338504;1207.8442024076442;173.99090680510844
394;-70.60402684563758;-1158.6864264681722;1197.564905705434;172.3350565570081
395;-70.36789297658862;-1249.5898294897218;1194.1878926456573;166.53517058212202
396;-70.13333333333334;-907.571269118538;1161.6794486498522;165.00000764332376
397;-66.84444444444443;-18.976063500247015;1238.6430266935197;172.99709909499498
398;-71.04212860310422;-268.3532634065217;1145.407252928664;171.98905060838888
399;-70.65049614112458;-1071.8290568495045;1136.0508164859268;183.99764450913412
4;-61.29151291512915;-1351.4638493303376;1136.3791743237198;178.00422833343947
40;-54.31666666666666;-1.6645306893874734;1586.1389528387722;170.53420715923218
400;-74.62719298245614;-1177.8400516633899;1207.6274598993168;181.9999996799417
401;-74.79120879120879;-1552.5500434078192;1203.7028249822667;182.01990110799326
402;-75.90308370044053;-1593.8315797544553;1243.0972462958443;186.8920776591214
403;-75.90308370044052;-621.2758764009056;1236.093594814442;183.00103842579898
404;-75.85903083700441;-154.13819847674432;1249.681947435634;178.01549249983245
405;-76.41657334826428;-224.58162867495923;1256.5415383733305;178.2255487865732
406;-78.45102505694761;-1604.214126476645;1297.6232260614468;176.0083495353058
407;-77.86790266512168;-1223.824504770887;1262.4678622091342;178.0803688203953
408;-78.13953488372093;-790.758320815801;1200.024626110346;187.99108215785975
409;-77.63615295480881;-69.3452669402402;1224.1117076185255;184.62180788643246
41;-55.061932287365806;-1.3956328465130077;1599.8722794512692;170.62458342626874
410;-77.36720554272516;-33.832048377639175;1204.9274764718375;190.63469450249218
411;-77.2151898734177;-30.513551714536497;1287.1736472623152;185.6201483691089
412;-76.94954128440367;-21.116824147497194;1346.52999787223;192.67343013943486
413;-85.56561085972851;-24.88157894736842;1409.9558104743944;203.8935238271277
414;-74.65478841870824;-15.518518518518519;1435.9429878884866;207.52021916135263
415;-74.42872687704026;-12.214285714285714;1430.4369166493125;191.99976299629472
416;-74.38297872340425;-10.162790697674419;1436.871345283725;190.43753803322969
417;-71.66666666666667;-8.030732860520095;1515.7098109862984;194.00899871436897
418;-73.22175732217573;-6.958250497017892;1677.2536202333538;195.0599417216144
419;-69.70954356846472;-4.523310588021982;1533.9367132952675;183.99324094424094
42;-53.15875613747954;-1.3374324748132647;1619.0104777109802;170.99848746240298
420;-69.83539094650206;-3.7088772920580806;1576.6891753815548;183.97903031144597
421;-68.38643371017471;-3.1578647116886405;1663.5;163.9950327054217
422;-65.58044806517312;-2.585656071093693;1610.0;192.09812432889643
423;-60.86086086086078;-1.9442808082879375;1520.0;190.37473383758734
424;-59.84251968503937;-1.6505216855256883;1520.0;155.00281523000905
425;-57.54863813229572;-1.3102041103004287;1479.0;191.0401896222615
426;-61.13461538461539;-1.3284560156679655;1589.5;190.99973803733948
427;-59.619771863117855;-1.1793076636628783;1568.0;140.50007297661168
428;-58.94736842105263;-1.0793599676227073;1567.999999999999;136.07562910703663
429;-58.845437616387336;-1.0497735281032865;1580.0;128.69876265652294
43;-52.68450932684509;-1.071583820628714;1539.2993839743287;143.51819899142805
430;-58.30258302583025;-0.9622442498137056;1580.0;147.7766697467111
431;-64.04740200546946;-1.0848040018207838;1756.47632353283;143.99044718657933
432;-61.151079136690655;-0.9243910461421712;1700.0;138.99843124289873
433;-63.47903657448707;-1.0475706024569484;1776.8236345227147;127.4836118060066
434;-62.176991150442475;-0.9975649714251448;1756.5;96.68250991418384
435;-55.329236172080776;-0.8239232618030219;1575.5;103.98783033736851
436;-54.89547038327526;-0.7925752482284278;1575.5;113.60267590333349
437;-54.37446074201898;-0.8514553557746506;1575.5;115.45730741086437
438;-53.863247863247864;-0.9108463253006497;1575.5;146.5181919984624
439;-53.36155800169343;-0.932036081522253;1575.5;116.44988724409852
44;-50.09646302250804;-0.7654536223579075;1418.5892796330425;136.49999999283827
440;-52.86912751677852;-1.046506532237028;1575.5;116.49717561748403
441;-54.636591478696744;-0.9225260232376871;1635.0;115.89256979000622
442;-59.91680532445923;-0.9832229053389695;1800.5;115.0161570370317
443;-58.757249378624685;-1.0610914795571758;1773.0;103.52456746265108
444;-58.51485148514851;-1.0073153382000508;1772.9807320344469;102.99393420670633
445;-58.27444535743632;-1.1464209007870663;1772.9995645560082;102.9777071820523
446;-54.93853953149709;-1.0065148412600349;1631.6132370684793;103.00126594032474
447;-53.983439873716826;-1.109515694588823;1654.9135810751827;103.26267128618292
448;-38.413842408724996;-1.510944543977938;1534.0;141.06433115942582
449;-32.52436357723928;-1.8654863299686983;1534.0;143.00078717403738
45;-59.630522088353416;-0.7382515040545141;1586.1654186472676;136.69052378599
450;-49.56937799043059;-1.441856690703071;1554.0;157.9507691114641
451;-53.05457929215204;-2.066733875884253;1682.5;170.96364924036686
452;-52.74294670846395;-2.2292843149582606;1584.531602154315;162.04435007143042
453;-56.50535648106216;-2.2313983748437534;1656.794037670378;167.97371854902374
454;-55.05205038424718;-2.405692627126398;1589.6245913964042;180.00306367648395
455;-39.12622416900276;-3.0671768707482983;1487.0296454857926;180.00076743217457
456;-50.10141095000728;-3.1420765027322406;1562.5365644925146;180.06463527810473
457;-52.11955267779292;-3.447186574531096;1515.1738629257031;179.9983383277131
458;-52.54629629629629;-3.6691810344827585;1571.1085468492086;181.45830757685604
459;-54.323076923076904;-4.1886120996441285;1502.1656471961708;179.53712174990062
46;-59.58266452648475;-0.7536361149819657;1621.021943566216;136.4951190974541
460;-56.809815950920246;-4.886543535620053;1577.5601783739633;172.3049105209837
461;-59.287925696594435;-5.7036485480268055;1473.334590321837;170.45951351425202
462;-67.99999999999997;-7.376271186440678;1546.2318908153352;177.22043314671217
463;-68.64353312302839;-8.4015444015444;1570.8114508488297;174.76272873467752
464;-69.50636942675159;-9.786995515695068;1517.1244285924392;174.5023617660487
465;-72.14876033057851;-11.64;1561.00558198087;174.4840029064489
466;-73.23825503355704;-14.358552631578947;1509.8859191255933;172.473584940481
467;-72.9933110367893;-3.472840819719372;1470.945204384201;173.00862162217612
468;-72.75;-3.257395934509519;1503.8944059081748;173.000004222435
469;-73.67088607594937;-20.7759961364386;1524.021063948992;193.0479001525332
47;-63.60866078588613;-0.41781150824096;1598.077240593314;136.49862710484183
470;-74.61538461538461;-1.1151835801948489;1419.449169773563;195.01783887095496
471;-75.58441558441558;-1.8659077940760778;1398.8664950259379;208.49999825062798
472;-76.57894736842105;-2.032934196716467;1402.6126571328198;208.46918988625475
473;-79.00452488687782;-2.94560882910883e-14;1384.8643073444919;215.00131611856477
474;-81.58878504672896;-2.45175488694103e-14;1383.4121492661575;209.99839839514624
475;-81.66510757717492;-335.194509282218;1424.3220230259142;208.4970758819094
476;-82.24074074074075;-1091.865698636777;1410.4161324906381;227.003896958929
477;-76.0333642261353;-2015.345971182731;1384.2646474587473;220.54357590267057
478;-72.76437847866418;-35.9852139610391;1300.226383807534;210.7197655211536
479;-73.87186629526464;-322.3502130613575;1228.060294197518;216.3039269329188
48;-63.55769230769231;-0.6013084585516826;1636.7234911498863;140.65210407181786
480;-70.09293680297397;-1021.5694750714565;1295.672124293863;195.40358200827478
481;-70.68416119962512;-992.6715143035217;1269.1103995785652;207.89018504839933
482;-69.71644612476369;-70.99450993276743;1233.4608615802963;189.67905276960278
483;-74.05147759771211;-1216.6523535424956;1291.8270061072215;192.46525429928425
484;-74.6923076923077;-522.2805527633989;1272.531406288957;188.16375536834443
485;-76.0078277886497;-483.9178246349583;1314.846120083725;186.1351531796954
486;-81.27490039840637;-711.0559395559357;1309.6755343904913;187.23595335920604
487;-68.15415821501014;-1548.3851302224755;1194.945592908298;186.6275797657335
488;-67.24696356275304;-1342.70558149381;1185.0633871317873;181.30408191011824
489;-66.70682730923696;-212.70469155300418;1171.0798150842666;181.21494404755532
49;-64.30176565008026;-0.6241328376664005;1766.1454570444466;169.4124560897452
490;-66.23505976095618;-533.6725633144468;1171.4716017608782;182.18901109296374
491;-66.23552123552123;-1124.4269801390656;1142.9571050527222;184.18495205675
492;-63.61940298507462;-485.8891097688606;1121.3913994232803;178.99995248536595
493;-65.77946768060836;-948.6916694729085;1163.8504354908584;162.91467986610408
494;-63.34593572778828;-851.7235100838888;1005.8645013244744;178.0022375870513
495;-62.34418604651163;-429.95799904254955;998.5034341336188;166.965277513417
496;-62.655677655677664;-581.7538150474136;1055.3354879165236;167.74900909072073
497;-62.595978062157215;-1217.8398791839943;1010.9115320442244;170.65354577109238
498;-67.00729927007299;-552.687992899466;984.4339545698497;171.90615788826588
499;-62.36794171220401;-952.1513590342646;889.440003885013;173.00837468121384
5;-61.34810710987996;-704.5602373431424;1094.5374169576125;181.01793795775535
50;-56.97749196141479;-0.522819225405708;1586.387622390142;151.02310526917142
500;-66.70909090909089;-1188.4959589222815;938.1834322967273;177.08719673509648
501;-72.96193129062209;-1478.0245241603322;992.4623092191669;177.4211091252665
502;-67.60910815939278;-161.76495773438882;946.706778775559;173.0000344430401
503;-76.62463627546072;-1601.40489638342;1070.9847942982026;175.97230578113022
504;-74.85728346456692;-1171.0462243189834;1030.170728965874;180.04033857631862
505;-68.32517140058766;-55.41954196596308;1247.4596783274812;187.06172020192042
506;-71.30604288499026;-26.246456268375162;1276.8487133261979;186.97742347800855
507;-76.89621726479146;-14.984114105627153;1316.735950904907;201.91137850858246
508;-76.6023166023166;-17.60466636224745;1384.89402124706;194.9713544318676
509;-79.92402659069326;-9.951447696987431;1521.7903843496179;192.00214732183335
51;-51.90016103059582;-0.5788759489954068;1573.0978749074848;151.0001159809125
510;-78.65420560747664;-4.155142231331753;1441.23160970094;199.01322508915902
511;-77.42410303587857;-2.3976659109546845;1384.239030171779;195.93048538356166
512;-76.231884057971;-2.263924943215444;1432.8788736312144;190.0924153698218
513;-85.19247985675919;-11.315101070154578;1480.2624820453354;202.20332906112145
514;-71.6283185840708;-8.10210123757248;1587.9915314729844;199.00022885425454
515;-70.81364829396325;-6.995678478824546;1613.2613735072252;198.0038753615892
516;-74.91349480968859;-1.9299941746460934;1596.3265388208372;187.17836745315543
517;-62.052173913043475;-2.1573185693350916;1563.4886571601376;185.89418349533483
518;-62.430069930069926;-2.088155730000127;1634.8353822177512;172.95839222648556
519;-69.8945518453427;-4.327529923830251;1836.2176407063305;178.97771088212167
52;-57.16129032258065;-0.4088938260226465;1601.6475954794187;150.42290742853726
520;-70.01760563380282;-3.421681850724484;1877.9236121744163;175.93653281490822
521;-64.67600700525394;-1.5928271565948164;1798.5875929033725;136.6163997712887
522;-64.33797909407664;-2.289772949656909;1846.4983571932364;161.74896653586052
523;-61.8370883882149;-1.3194275800391482;1783.9521819415531;139.57389700103622
524;-62.01724137931034;-1.75048300395044;1798.4998155969142;156.86568594360494
525;-62.07075064710958;-1.491846953199305;1679.459866927645;167.64507411887158
526;-69.13644214162349;-0.7289051401210863;1711.1587892763234;178.91797785533836
527;-61.67675021607606;-0.7739816120757539;1577.5624819812786;168.71459937396693
528;-68.46020761245676;-0.14311802672817578;1584.0045466614777;141.84318441303665
529;-61.78354978354978;-1.2164532143098012;1783.9914913833038;150.51051390776783
53;-56.47808764940239;-0.4511784225626063;1621.730513350489;148.45664333791348
530;-66.30415944540728;-1.305768718516507;1889.8678396053717;135.5922242770149
531;-61.89071986123157;-1.255148112694171;1769.6655526643362;135.49714347982973
532;-61.94444444444444;-1.2406659458754712;1780.25822865231;135.37643927762943
533;-74.21459227467811;-1.1604727321467496;1936.53473317574;135.00011865410937
534;-72.77777777777779;-1.3165644073820977;2019.887654935194;135.08255611922152
535;-65.74257425742574;-1.3572521268501205;1949.708948276335;135.49038655570183
536;-64.46601941747574;-1.654800880844954;1991.9855517431702;143.44554149157415
537;-57.9220779220779;-1.343899766504402;1783.9999999999998;135.14669266863012
538;-64.88599348534203;-1.538062431689651;1991.950880428858;135.58046123221396
539;-65.09803921568627;-1.5569509385778038;1926.497803188384;138.46754189220286
54;-55.811023622047244;-0.543297643644084;1645.6858993502624;135.20913410205054
540;-65.31147540983606;-0.49000836004119275;1553.06593644371;135.44637409232945
541;-65.63426688632619;-2.2121758270371434;1960.3265101812221;144.50203987781825
542;-63.26934407094383;-0.9921604711388234;1809.9160764866458;134.0350280597089
543;-43.27331524165742;-1.5345448838129632;1777.8229233311883;134.0130401341356
544;-32.337341108408864;-1.4184005978219048;1529.0507848484615;134.00759169534348
545;-50.460150481772104;-1.0062879212308327;1591.6027363123803;138.18275114565702
546;-17.806296866593787;-1.7288760629759312;1310.1047033065072;144.45674523505406
547;-5.195814125971458;-2.4356973193077707;1236.6727137771181;144.50013709481246
548;-16.5228638058391;-2.527464788732394;1395.8057642955935;167.06531079719514
549;-3.932072457505716;-3.2426561378880234;1209.5755458731069;167.01129025580968
55;-59.704280155642024;-0.4691127913872608;1687.964484384626;132.8309520223221
550;-17.900393090743815;-3.304140127388535;1352.2673570751494;172.07945935914435
551;-18.01538931902283;-3.4771679932970256;1349.292559537722;184.45236844019718
552;-54.333603172397446;-3.5652920962199315;1588.0709401740125;189.3706456185954
553;-30.68698704449327;-3.0287303058387396;1329.7371411995982;198.11147854488135
554;-35.45261141585969;-3.2877263581488934;1324.5919972944737;207.96525663462273
555;-45.81446311176041;-3.44994499449945;1343.462823110121;203.01810734569793
556;-46.40350877192982;-3.8519417475728157;1313.6152598952476;197.9992347536266
557;-58.21924810156387;-5.355057705363205;1365.389353447988;214.96225942255955
558;-57.61194029850746;-5.947611710323574;1348.8980651863444;215.02816099171991
559;-58.22021116138761;-6.874443455031167;1433.092029736552;224.30149787322836
56;-54.52307692307692;-0.6292684620465858;1685.5887341374707;132.8173059402485
560;-61.951219512195124;-8.573839662447257;1400.9570376239185;223.9106494183788
561;-60.4364770070148;-6.497312773810092;1380.750774358069;217.8062586190775
562;-61.11642743221691;-12.012539184952978;1379.4989707141558;206.5005594206429
563;-61.224489795918366;-15.527950310559007;1242.2389197418765;191.99811845801366
564;-62.00996677740864;-22.76219512195122;1272.04450155619;194.58618965922233
565;-61.7490554446301;-30.554216867469876;1273.6673136785337;206.49859465824997
566;-64.91467576791808;-44.752941176470586;1239.3189443198262;201.0010860189462
567;-65.7136614953239;-4.527544349586067;1186.3549088641971;205.94257130539395
568;-77.04746878952608;-233.1862578172964;1276.0028536191878;206.99032584418396
569;-77.46255506607906;-591.210063476618;1296.7302736754439;206.4472115163272
57;-57.068303914044506;-0.53063042490549;1691.5544865298814;132.50131805010128
570;-77.80530973451327;-367.26688806893634;1331.1221818052468;205.51464339792074
571;-72.53333333333333;-1636.0371999654305;1293.3351093651697;209.8428309984953
572;-66.5;-360.06605891199797;1238.651232148353;187.00043721777857
573;-74.64253393665159;-178.41583073886903;1325.8173612661913;186.99789287235365
574;-75.6697247706422;-1892.5271938225183;1307.0953598664462;186.99962212274897
575;-68.57674418604651;-1726.1661172430677;1238.2225588014594;180.95536200622757
576;-76.37735849056604;-572.6508112218941;1205.3675225765178;195.00014360433278
577;-76.95817490494295;-1226.5418719702743;1185.0489947864073;192.99650059501707
578;-87.2030651340996;-5.750089998625285;1215.0513997439293;194.4067623696886
579;-87.87644787644788;-991.1039880320963;1255.5363652418173;188.21874333179568
58;-56.75344563552834;-0.5716426445487793;1682.8054124472017;132.48561823600318
580;-88.7984496124031;-2235.933642604531;1249.4536811513312;191.02902832869108
581;-90.46396841066134;-2287.219587554419;1258.9871196893255;187.28323915168718
582;-85.14851485148515;-163.2068007249316;1191.8985346750887;173.00170035039272
583;-89.51819075712879;-2051.0994437771783;1164.2815876700774;175.03129285763234
584;-83.984375;-1717.0566731357699;1116.4879881811885;171.07076128879035
585;-84.39646712463198;-264.86971765829367;1118.8423222728807;162.90619014790227
586;-84.80497829005031;-380.9208058479434;1128.0563063752522;170.38734623521114
587;-85.23290386521307;-1683.371428078296;1118.9658817018853;166.90436391223778
588;-85.65737051792829;-431.9114392693062;1134.3744232407869;170.955952867039
589;-85.40218470705061;-129.69569875956626;1102.2035185991203;165.2998490857317
59;-53.62872421695951;-0.6058247759746442;1659.369719127239;129.99692869255816
590;-85.14851485148515;-261.3825901675371;1129.0582734339578;162.70935582560494
591;-84.89634748272458;-1117.8027589641085;1084.3339048019695;163.06177742107081
592;-84.64566929133859;-1398.3548285876125;1156.3767261041987;166.03533048735898
593;-85.23290386521309;-1492.3056492324572;1166.2473012768955;165.05579952186724
594;-86.48702594810379;-1243.6736613197352;1195.2082572370202;175.17677427641425
595;-87.09547738693468;-550.7113296005339;1182.0608998071364;178.02866721765068
596;-83.84054303189494;-144.4618767974714;1076.5143874419891;179.4205757059188
597;-86.81065454231236;-1576.7535671148496;1111.8464527936458;182.99844106445983
598;-86.62243470390975;-1.0555269326850052;1107.9124790094706;181.08613441865657
599;-87.58065088454663;-49.13278664706242;1138.6290429488195;173.95086508422116
6;-61.404805914972265;-954.1896647532606;1148.2968701342045;167.80694567485335
60;-54.29878048780487;-0.5793478232039969;1678.9008876641567;124.09520787271677
600;-90.94644902253272;-349.7663383488877;1165.8873307928836;179.99972295102344
601;-83.13227513227513;-174.57777777777778;1189.8365203733522;182.7103260837584
602;-81.99575371549892;-85.82222222222222;1153.0136358818959;186.00000002149346
603;-80.21299254526092;-55.79259259259259;1131.4417496783951;177.44686318983156
604;-79.6186440677966;-41.75555555555555;1116.5470640796866;173.50681810774316
605;-79.07172995780589;-23.49843260188088;1106.8978273196026;182.5645942126428
606;-78.375;-16.427947598253276;1241.9063789174174;186.60703407131808
607;-57.957783377657755;-14.438860971524289;1073.4265383214754;178.29857632623074
608;-67.76021267384832;-10.013586956521738;1213.625079576484;182.09205526609577
609;-75.37387836490528;-7.544731987860935;1349.2219593915888;172.94382920517415
61;-54.05159332321699;-0.5606532383486911;1639.6135486594933;98.4730230327366
610;-74.95107632093934;-5.677091719823676;1386.9048248502554;174.99995761168736
611;-73.06436119116235;-4.443758638795802;1407.1097949503999;186.97710143915504
612;-72.83018867924528;-2.487943138867929;1460.9439938636278;188.50719272426392
613;-71.21722846441948;-2.696199892492921;1404.4766282386431;180.04464334611004
614;-71.74721189591078;-2.6525473002255264;1542.0395133536056;177.98472892809633
615;-71.80811808118081;-2.3106281035865264;1565.4180106211081;171.00730597903586
616;-71.28205128205128;-1.6252779937240138;1569.0738480539626;155.019658233955
617;-70.5072463768116;-2.004872489839071;1672.9492275329162;147.7875588549052
618;-69.74910394265234;-1.6715895712258029;1601.6964198588;148.9298681363503
619;-69.00709219858155;-1.8628952479769585;1763.387124217991;146.48330175195235
62;-51.99395770392749;-0.6377946443022833;1626.5358776245896;110.06399565840735
620;-70.36842105263156;-1.7774157036798293;1766.9721000091265;146.54096312853432
621;-75.89208006962576;-1.3349418999052654;1783.2610511964328;174.79872028380757
622;-73.71329879101899;-1.0613839919511814;1698.7280714544218;188.62135211718996
623;-73.1046616348222;0.0;1490.331143037152;190.9223663373737
624;-72.58215649835971;-0.5240124445599634;1550.4938011071335;193.04346713056927
625;-67.53180661577608;-0.20368101990836324;1577.8825530841289;156.97318061567674
626;-67.36037254562619;-0.6580107068871816;1594.5719208971336;151.01956960321712
627;-63.76110218745802;-0.4572264943875951;1485.9545264542812;156.04383754985486
628;-60.496583745266165;-0.34313079270231683;1411.8289033114813;155.03632818041305
629;-46.79669221823495;-0.501286902611109;1278.315203138766;146.51877081814533
63;-50.88721804511278;-0.6718887560739408;1602.9277000228979;97.25665217366483
630;-58.322475570032566;-0.9042997550224499;1657.0128912007026;153.47426851376113
631;-48.9930477341304;-0.448197443969741;1323.364528174624;156.9977359717088
632;-56.40077187189584;-0.6537059805981911;1623.3181733018591;184.4100978442858
633;-52.33908948194663;-0.8027612297550245;1563.7089112299716;186.000328780767
634;-52.09375;-1.247221616200652;1621.8734914841818;187.58099394745906
635;-51.85069984447901;-0.42449572876793695;1358.0399417518806;146.5028879749215
636;-51.60990712074304;-0.45660361180343517;1354.9848968106412;155.4413819287161
637;-48.636138484895795;-0.42244727988823716;1284.900468256727;146.5200628737546
638;-51.689922480620154;-1.1227168018580855;1667.0;156.88754609860914
639;-51.49425287356322;-1.6324669108960526;1680.0;157.56418755192655
64;-43.74251497005987;-0.7173089717312264;1461.0;132.99032504328176
640;-48.17964888858051;-1.7412463709201509;1656.5;157.83686428061372
641;-49.07201187824794;-1.134024226003469;1531.4378390800803;146.36735853223928
642;-34.64040461462104;-2.2636986301369864;1601.1621253067542;153.998328435538
643;-37.83401038148547;-2.3506401137980086;1618.9900226191205;157.00029456337816
644;-29.216462720554464;-2.4571005917159763;1431.7846515757667;175.99829627030002
645;-33.84248778244134;-2.619233776387803;1476.1982878798353;185.1798994949449
646;-38.42820620284007;-2.7509376478592173;1457.49307253175;191.99764213327524
647;-32.87590112925197;-2.883420301406683;1462.8119545861812;185.9976640459399
648;-35.2909526806837;-3.1339622641509433;1256.2322673445237;205.42546461379064
649;-31.59859877788863;-3.4159383033419024;1288.6454412675128;203.04760829938698
65;-43.192904656319286;-0.8183779128367796;1461.0;133.0349874202912
650;-46.135715341989396;-3.753672316384181;1539.2508010540382;202.05994938643352
651;-62.27655713631424;-5.623824451410658;1744.9257900000584;197.00016287471692
652;-52.7262355873263;-6.316901408450704;1608.7939551254321;185.5094268723329
653;-56.10598859153147;-8.642289348171701;1610.4071288349073;191.99990468107492
654;-58.19224804740842;-9.3932384341637;1607.128375391159;189.49975316319052
655;-67.28475016103387;-10.113026819923371;1623.6083804370562;187.8262479698606
656;-74.88304093567251;-1.5555052216137677;1635.952437296223;178.58512381864838
657;-68.26373626373626;-2.8233697875169694;1536.183880976751;182.73138410215157
658;-61.38032305433186;-10.048316846403926;1526.185454960009;180.99822295045934
659;-61.1037527593819;-16.64128256513026;1496.0626312449647;184.99551356956826
66;-41.542940320232894;-0.8528623549233767;1427.0;146.50298221631647
660;-60.23598820058997;-23.74418604651163;1432.898760122377;202.01076846480203
661;-61.83194549583649;-31.175572519083897;1440.2101927213623;208.63231757477314
662;-61.83514774494557;-42.65184263564676;1437.5209258937527;208.97184335643203
663;-62.86171063149481;-80.24489795918367;1416.006946601915;207.0328841830484
664;-58.35526315789473;-204.93092435069644;1359.0945189507916;207.99998678378142
665;-61.36552872606161;-255.9146077762705;1382.350398708902;208.0033634697451
666;-62.141652613827986;-463.7649011723861;1379.578852941543;221.99000312095248
667;-65.27754056362085;-823.6783579291161;1390.239752077994;219.43071803764042
668;-57.47404844290658;-342.0785778734934;1249.6887099511837;240.00018178429977
669;-58.02620087336245;-276.47067380553676;1223.3746793370444;207.93168422565208
67;-41.22594440484676;-0.9399976521456626;1395.3824264881082;143.99016149569422
670;-58.58906525573192;-134.79654374723802;1212.7383877724515;210.9471854727615
671;-59.16295636687445;-673.9781993683113;1216.5458803113072;220.71182222452322
68;-41.62011173184357;-1.0499639155735292;1490.0;144.35448380129068
69;-41.504178272980496;-1.3683791507051002;1490.0;144.2574424954391
7;-61.90564292321925;-1463.817299296184;1154.427158275267;162.0000042300842
70;-42.1111111111111;-1.2529388001417705;1503.1595066046536;154.02577932271132
71;-44.43213296398892;-1.437921088021991;1446.4090911242192;169.02987567018812
72;-53.92265193370165;-0.682163237870041;1485.190091531195;178.05790170548804
73;-54.034602076124564;-1.889235358458015;1562.6919361126086;172.97328651522724
74;-54.14701803051318;-2.315002624186109;1566.3348784222128;193.2532275093422
75;-54.329395413481585;-3.2138058589563103;1589.888928243896;193.99978936282872
76;-54.44289693593315;-4.985969387755102;1574.8520464888636;188.00363855926994
77;-49.845722300140245;-5.069900142653353;1473.832277217149;171.70517592466175
78;-58.87005649717514;-6.414552690573896;1650.8158815804827;160.99169231717963
79;-53.8122332859175;-6.29603416970601;1529.550136278629;166.83659921803593
8;-61.51851851851852;-1306.2224185084317;1142.738012313424;170.0166349073735
80;-56.41833810888252;-7.216642950802636;1523.4187650798976;160.67134841387679
81;-51.13669064748201;-9.37730870712401;1462.3324773275442;176.0041974380037
82;-51.35838150289018;-11.61437908496732;1449.6297411236844;176.00418178311094
83;-54.03483309143686;-15.978540772532188;1462.7560814110886;179.9976303311707
84;-54.271137026239074;-23.26875;1461.9560516911313;180.6849614560197
85;-54.649585531273544;-29.721311475409838;1449.5883046740698;197.24177427241085
86;-58.346333853354125;-44.523809523809526;1475.920933642404;200.62384439301522
87;-58.625707356507675;-77.97849462365592;1461.3003260752362;220.86734431317328
88;-60.43333333333333;0.0;1229.3005242263446;227.99590950181027
89;-60.80876158382477;-10.184597588478628;1220.2958271393732;224.99184969073266
9;-60.84249084249083;-1022.2346979477245;1142.9604124765901;174.0665686836666
90;-61.771720613287904;-1.6098718744017388;1217.2689784604363;214.8594755800512
91;-60.56847545219638;-1167.770321478029;1175.7177288791097;218.97515689701046
92;-61.184668989547035;-1656.1722783464438;1186.033365013152;230.31774776376494
93;-61.77660510114335;-1332.2873150652313;1233.4317513697763;230.2700785619672
94;-63.37477797513321;-849.9386399090519;1203.3312552787054;230.96835179836916
95;-64.0;-512.7588047353312;1214.8760336440976;218.07213492802398
96;-56.268115942028984;-317.83864655036655;1156.2746950325736;191.92919689647997
97;-56.715328467153284;-1230.0681887625808;1145.3335281349841;196.3008577440872
98;-57.095588235294116;-1451.2971908841853;1024.5995913136699;203.87946199434842
99;-57.925925925925924;-1009.6345017311477;1033.202430769957;204.87647813688437
